{
    "format_version": "1.10.0",

    "minecraft:client_entity": {

        "description": {

            "animations": {"flying": "animation.actor.billboard"},

            "geometry": {"default": "geometry.item_sprite"},

            "identifier": "minecraft:xp_bottle",

            "materials": {"default": "xp_bottle"},

            "render_controllers": ["controller.render.experience_bottle"],

            "scripts": {"animate": ["flying"]},

            "textures": {"default": "textures/items/potion/experience_bottle",
                         "enchanted": "textures/misc/enchanted_item_glint"}}}
}
/*********************************************************
 *           edit by @volyfnap | polyflore.net           *
 *                  All rights reserved                  *
 *********************************************************/