{
    "format_version": "1.10.0",

    "minecraft:client_entity": {

        "description": {

            "animations": {"move": "animation.fireworks_rocket.move"},

            "geometry": {"default": "geometry.fireworks_rocket"},

            "identifier": "minecraft:fireworks_rocket",

            "materials": {"default": "fireworks_rocket"},

            "scripts": {"animate": ["move"]},

            "render_controllers": ["controller.render.fireworks_rocket"],

            "textures": {"default": "textures/entity/fireworks/rocket"}}}
}
/*********************************************************
 *           edit by @volyfnap | polyflore.net           *
 *                  All rights reserved                  *
 *********************************************************/