{
    "format_version": "1.10.0",

    "minecraft:client_entity": {

        "description": {

            "geometry": {"default": "geometry.fishing_hook"},

            "identifier": "minecraft:fishing_hook",

            "materials": {"default": "fishing_hook"},

            "render_controllers": ["controller.render.fishing_hook"],

            "textures": {"default": "textures/entity/fishing_hook/fishing_hook"}}}
}
/*********************************************************
 *           edit by @volyfnap | polyflore.net           *
 *                  All rights reserved                  *
 *********************************************************/