{
    "format_version": "1.10.0",

    "minecraft:client_entity": {

        "description": {
            
            "identifier": "minecraft:leash_knot",

            "geometry": {"default": "geometry.leash_knot"},

            "materials": {"default": "leash_knot"},

            "render_controllers": ["controller.render.leash_knot"],

            "textures": {"default": "textures/entity/lead/lead_knot"}}}
}
/*********************************************************
 *           edit by @volyfnap | polyflore.net           *
 *                  All rights reserved                  *
 *********************************************************/