{
    "format_version": "1.8.0",

    "minecraft:client_entity": {

        "description": {

            "geometry": {"default": "geometry.player_head",
                         "steve": "geometry.player_head",
                         "skeleton": "geometry.mob_head",
                         "wither": "geometry.mob_head",
                         "zombie": "geometry.mob_head",
                         "creeper": "geometry.mob_head",
                         "dragon": "geometry.dragon_head"},

            "identifier": "minecraft:skull",

            "textures": {"default": "textures/entity/skulls/steve",
                         "steve": "textures/entity/skulls/steve",
                         "skeleton": "textures/entity/skulls/skeleton",
                         "wither": "textures/entity/skulls/wither_skeleton",
                         "zombie": "textures/entity/skulls/zombie",
                         "creeper": "textures/entity/skulls/creeper",
                         "dragon": "textures/entity/skulls/dragon"}}}
}
/*********************************************************
 *           edit by @volyfnap | polyflore.net           *
 *                  All rights reserved                  *
 *********************************************************/