{
    "format_version": "1.10.0",

    "minecraft:attachable": {

        "description": {
            
            "animations": {"wield": "animation.crossbow.wield"},

            "geometry": {"default": "geometry.crossbow_standby",
                         "crossbow_pulling_0": "geometry.crossbow_pulling_0",
                         "crossbow_pulling_1": "geometry.crossbow_pulling_1",
                         "crossbow_pulling_2": "geometry.crossbow_pulling_2",
                         "crossbow_arrow": "geometry.crossbow_arrow",
                         "crossbow_rocket": "geometry.crossbow_rocket"},

            "identifier": "minecraft:crossbow",

            "materials": {"default": "entity_alphatest",
                          "enchanted": "entity_alphatest_glint"},

            "render_controllers": ["controller.render.crossbow"],

            "scripts": {"animate": ["wield"]},

            "textures": {"default": "textures/items/crossbow/standby",
                         "crossbow_pulling_0": "textures/items/crossbow/pulling_0",
                         "crossbow_pulling_1": "textures/items/crossbow/pulling_1",
                         "crossbow_pulling_2": "textures/items/crossbow/pulling_2",
                         "crossbow_arrow": "textures/items/crossbow/arrow",
                         "crossbow_rocket": "textures/items/crossbow/firework",
                         "enchanted": "textures/misc/enchanted_item_glint"}}}
}
/*********************************************************
 *           edit by @volyfnap | polyflore.net           *
 *                  All rights reserved                  *
 *********************************************************/