{
    "format_version": "1.10.0",

    "minecraft:attachable": {

        "description": {

            "animations": {"default_controller": "controller.animation.elytra.default",
                           "default": "animation.elytra.default",
                           "gliding": "animation.elytra.gliding",
                           "sneaking": "animation.elytra.sneaking",
                           "sleeping": "animation.elytra.sleeping",
                           "swimming": "animation.elytra.swimming"},

            "geometry": {"default": "geometry.elytra"},

            "identifier": "minecraft:elytra",

            "materials": {"default": "elytra",
                          "enchanted": "elytra_glint"},

            "render_controllers": ["controller.render.armor"],

            "scripts": {"parent_setup": "variable.chest_layer_visible = 0.0;",
                        "animate": ["default_controller"]},

            "textures": {"default": "textures/models/armor/elytra",
                         "enchanted": "textures/misc/enchanted_item_glint"}}}
}
/*********************************************************
 *           edit by @volyfnap | polyflore.net           *
 *                  All rights reserved                  *
 *********************************************************/