{
    "format_version": "1.10.0",

    "minecraft:attachable": {

        "description": {

            "animations": {"offset": "animation.armor.boots.offset"},

            "geometry": {"default": "geometry.player.armor.boots"},

            "identifier": "minecraft:leather_boots.player",

            "item": {"minecraft:leather_boots": "query.owner_identifier == 'minecraft:player'"},

            "materials": {"default": "armor_leather",
                          "enchanted": "armor_leather_enchanted"},

            "render_controllers": ["controller.render.armor"],

            "scripts": {"parent_setup": "variable.boot_layer_visible = 0.0;",
                        "animate": ["offset"]},

            "textures": {"default": "textures/models/armor/leather_1",
                         "enchanted": "textures/misc/enchanted_item_glint"}}}
}
/*********************************************************
 *           edit by @volyfnap | polyflore.net           *
 *                  All rights reserved                  *
 *********************************************************/