{
    "format_version": "1.10.0",

    "minecraft:attachable": {

        "description": {
            
            "animations": {"wield": "controller.animation.shield.wield",
                           "wield_main_hand_first_person": "animation.shield.wield_main_hand_first_person",
                           "wield_off_hand_first_person": "animation.shield.wield_off_hand_first_person",
                           "wield_first_person_block": "animation.shield.wield_first_person_blocking",
                           "wield_third_person": "animation.shield.wield_third_person"},
                           
            "geometry": {"default": "geometry.shield"},

            "identifier": "minecraft:shield",

            "materials": {"default": "entity_alphatest",
                          "enchanted": "entity_alphatest_glint"},

            "render_controllers": ["controller.render.item_default"],

            "scripts": {"animate": ["wield"]},

            "textures": {"default": "textures/entity/shield/shield",
                         "enchanted": "textures/misc/enchanted_item_glint"}}}
}
/*********************************************************
 *           edit by @volyfnap | polyflore.net           *
 *                  All rights reserved                  *
 *********************************************************/