{
    "format_version": "1.10.0",

    "minecraft:client_entity": {

        "description": {
            
            "animations": {"move": "animation.arrow.move"},
            
            "enable_attachables": true,

            "geometry": {"default": "geometry.arrow"},

            "identifier": "minecraft:arrow",

            "materials": {"default": "arrow"},

            "min_engine_version": "1.8.0",

            "render_controllers": ["controller.render.arrow"],

            "scripts": {"animate": ["move"],
                        "pre_animation": ["variable.shake = query.shake_time - query.frame_alpha;",
                                          "variable.shake_power = variable.shake > 0.0 ? -Math.sin(variable.shake * 200.0) * variable.shake : 0.0;"]},

            "textures": {"default": "textures/entity/arrow/arrow"}}}
}
/*********************************************************
 *           edit by @volyfnap | polyflore.net           *
 *                  All rights reserved                  *
 *********************************************************/