{
    "format_version": "1.10.0",

    "minecraft:client_entity": {

        "description": {
            
            "animations": {"face_player": "animation.actor.billboard"},

            "geometry": {"default": "geometry.fireball"},

            "identifier": "minecraft:dragon_fireball",

            "materials": {"default": "fireball"},

            "render_controllers": ["controller.render.fireball"],

            "scripts": {"animate": ["face_player"],
                        "scale": "2.0"},

            "textures": {"default": "textures/entity/dragon/dragon_fireball"}}}
}
/*********************************************************
 *           edit by @volyfnap | polyflore.net           *
 *                  All rights reserved                  *
 *********************************************************/