{
    "format_version": "1.10.0",

    "minecraft:client_entity": {

        "description": {

            "animations": {"flying": "animation.actor.billboard"},

            "geometry": {"default": "geometry.item_sprite"},

            "identifier": "minecraft:ender_pearl",

            "materials": {"default": "ender_pearl"},

            "render_controllers": ["controller.render.item_sprite"],

            "scripts": {"animate": ["flying"]},

            "textures": {"default": "textures/items/materials/ender/pearl"}}}
}
/*********************************************************
 *           edit by @volyfnap | polyflore.net           *
 *                  All rights reserved                  *
 *********************************************************/