{
    "format_version": "1.10.0",

    "minecraft:client_entity": {

        "description": {

            "animations": {"move": "animation.minecart.move"},

            "geometry": {"default": "geometry.minecart.v1.8"},

            "identifier": "minecraft:hopper_minecart",

            "materials": {"default": "minecart"},

            "min_engine_version": "1.8.0",

            "render_controllers": ["controller.render.minecart"],

            "scripts": {"pre_animation": ["variable.hurt = query.hurt_time - query.frame_alpha;"],
                        "animate": ["move"]},

            "textures": {"default": "textures/entity/minecart/minecart"}}}
}
/*********************************************************
 *           edit by @volyfnap | polyflore.net           *
 *                  All rights reserved                  *
 *********************************************************/