{
    "format_version": "1.10.0",

    "minecraft:client_entity": {

        "description": {

            "animations": {"move": "animation.minecart.move.v1.0"},

            "geometry": {"default": "geometry.minecart"},

            "identifier": "minecraft:minecart",

            "materials": {"default": "minecart"},

            "render_controllers": ["controller.render.minecart"],

            "scripts": {"pre_animation": ["variable.hurt = query.hurt_time - query.frame_alpha;"],
                        "animate": ["move"],
                        "should_update_effects_offscreen": "1.0"},

            "textures": {"default": "textures/entity/minecart/minecart"}}}
}
/*********************************************************
 *           edit by @volyfnap | polyflore.net           *
 *                  All rights reserved                  *
 *********************************************************/