{
    "format_version": "1.10.0",

    "minecraft:attachable": {

        "description": {

            "geometry": {"default": "geometry.player.armor.leggings"},

            "identifier": "minecraft:diamond_leggings.player",

            "item": {"minecraft:diamond_leggings": "query.owner_identifier == 'minecraft:player'"},

            "materials": {"default": "armor",
                          "enchanted": "armor_enchanted"},

            "render_controllers": ["controller.render.armor"],

            "scripts": {"parent_setup": "variable.leg_layer_visible = 0.0;"},

            "textures": {"default": "textures/models/armor/diamond_2",
                         "enchanted": "textures/misc/enchanted_item_glint"}}}
}
/*********************************************************
 *           edit by @volyfnap | polyflore.net           *
 *                  All rights reserved                  *
 *********************************************************/