{
    "format_version": "1.8.0",

    "minecraft:attachable": {

        "description": {

            "geometry": {"default": "geometry.humanoid.armor.leggings"},

            "identifier": "minecraft:golden_leggings",

            "materials": {"default": "armor",
                          "enchanted": "armor_enchanted"},

            "render_controllers": ["controller.render.armor"],

            "scripts": {"parent_setup": "variable.leg_layer_visible = 0.0;"},

            "textures": {"default": "textures/models/armor/gold_2",
                         "enchanted": "textures/misc/enchanted_item_glint"}}}
}
/*********************************************************
 *           edit by @volyfnap | polyflore.net           *
 *                  All rights reserved                  *
 *********************************************************/