{
    "format_version": "1.10.0",

    "minecraft:attachable": {

        "description": {

            "animations": {"holding": "animation.spyglass.holding",
                           "scoping": "animation.spyglass.scoping"},

            "geometry": {"default": "geometry.spyglass"},

            "identifier": "minecraft:spyglass",

            "materials": {"default": "entity_alphatest",
                          "enchanted": "entity_alphatest_glint"},

            "render_controllers": ["controller.render.item_default"],

            "scripts": {"animate": [{"holding": "q.main_hand_item_use_duration <= 0.0f"},
                                    {"scoping": "q.main_hand_item_use_duration > 0.0f && !c.is_first_person"}]},

            "textures": {"default": "textures/entity/spyglass",
                         "enchanted": "textures/misc/enchanted_item_glint"}}}
}
/*********************************************************
 *           edit by @volyfnap | polyflore.net           *
 *                  All rights reserved                  *
 *********************************************************/