{
    "format_version": "1.8.0",

    "minecraft:attachable": {

        "description": {

            "geometry": {"default": "geometry.humanoid.armor.helmet"},

            "identifier": "minecraft:turtle_helmet",

            "materials": {"default": "armor",
                          "enchanted": "armor_enchanted"},

            "render_controllers": ["controller.render.armor"],

            "textures": {"default": "textures/models/armor/turtle_1",
                         "enchanted": "textures/misc/enchanted_item_glint"}}}
}
/*********************************************************
 *           edit by @volyfnap | polyflore.net           *
 *                  All rights reserved                  *
 *********************************************************/