{
    "format_version": "1.8.0",

    "minecraft:client_entity": {

        "description": {
            
            "animation_controllers": [{"move": "controller.animation.bat.move"}],
            
            "animations": {"resting": "animation.bat.resting",
                           "flying": "animation.bat.flying"},

            "geometry": {"default": "geometry.bat"},

            "identifier": "minecraft:bat",

            "materials": {"default": "bat"},

            "min_engine_version": "1.8.0",

            "render_controllers": ["controller.render.bat"],

            "scripts": {"scale": "0.35"},

            "spawn_egg": {"texture": "spawn_egg",
                          "texture_index": 18},

            "textures": {"default": "textures/entity/bat/bat"}}}
}
/*********************************************************
 *           edit by @volyfnap | polyflore.net           *
 *                  All rights reserved                  *
 *********************************************************/