{
    "format_version": "1.8.0",

    "minecraft:client_entity": {

        "description": {

            "animation_controllers": [{"move": "controller.animation.blaze.move"},
                                      {"flame": "controller.animation.blaze.flame"}],

            "animations": {"look_at_target": "animation.common.look_at_target",
                           "move": "animation.blaze.move"},

            "geometry": {"default": "geometry.blaze"},

            "identifier": "minecraft:blaze",

            "materials": {"body": "blaze_head",
                          "head": "blaze_body"},

            "particle_effects": {"charged_flames": "minecraft:mobflame_emitter"},

            "render_controllers": ["controller.render.blaze"],

            "spawn_egg": {"texture": "spawn_egg",
                          "texture_index": 21},
                          
            "textures": {"default": "textures/entity/blaze/blaze"}}}
}
/*********************************************************
 *           edit by @volyfnap | polyflore.net           *
 *                  All rights reserved                  *
 *********************************************************/