{
    "format_version": "1.8.0",

    "minecraft:client_entity": {

        "description": {

            "animation_controllers": [{"look_at_target": "controller.animation.cat.look_at_target"},
                                      {"move": "controller.animation.cat.move"},
                                      {"baby": "controller.animation.cat.baby"}],

            "animations": {"sneak": "animation.cat.sneak",
                           "walk": "animation.cat.walk",
                           "sprint": "animation.cat.sprint",
                           "sit": "animation.cat.sit",
                           "look_at_target": "animation.common.look_at_target",
                           "baby_transform": "animation.cat.baby_transform",
                           "lie_down": "animation.cat.lie_down"},

            "geometry": {"default": "geometry.cat"},

            "identifier": "minecraft:cat",

            "materials": {"default": "cat"},

            "render_controllers": ["controller.render.cat"],

            "spawn_egg": {"texture": "spawn_egg",
                          "texture_index": 53},

            "textures": {"all_black": "textures/entity/cat/all_black",
                         "all_black_tame": "textures/entity/cat/tame/all_black_tame",
                         "black": "textures/entity/cat/tuxedo",
                         "black_tame": "textures/entity/cat/tame/tuxedo_tame",
                         "british": "textures/entity/cat/british",
                         "british_tame": "textures/entity/cat/tame/british_tame",
                         "calico": "textures/entity/cat/calico",
                         "calico_tame": "textures/entity/cat/tame/calico_tame",
                         "jellie": "textures/entity/cat/jellie",
                         "jellie_tame": "textures/entity/cat/tame/jellie_tame",
                         "persian": "textures/entity/cat/persian",
                         "persian_tame": "textures/entity/cat/tame/persian_tame",
                         "ragdoll": "textures/entity/cat/ragdoll",
                         "ragdoll_tame": "textures/entity/cat/tame/ragdoll_tame",
                         "red": "textures/entity/cat/red_tabby",
                         "red_tame": "textures/entity/cat/tame/red_tabby_tame",
                         "siamese": "textures/entity/cat/siamese",
                         "siamese_tame": "textures/entity/cat/tame/siamese_tame",
                         "tabby": "textures/entity/cat/tabby",
                         "tabby_tame": "textures/entity/cat/tame/tabby_tame",
                         "white": "textures/entity/cat/white",
                         "white_tame": "textures/entity/cat/tame/white_tame"}}}
}
/*********************************************************
 *           edit by @volyfnap | polyflore.net           *
 *                  All rights reserved                  *
 *********************************************************/