{
    "format_version": "1.10.0",

    "minecraft:client_entity": {

        "description": {

            "animations": {"move": "animation.chicken.move",
                           "general": "animation.chicken.general.v1.0",
                           "look_at_target": "animation.common.look_at_target",
                           "baby_transform": "animation.chicken.baby_transform"},

            "geometry": {"default": "geometry.chicken"},

            "identifier": "minecraft:chicken",

            "materials": {"default": "chicken",
                          "legs": "chicken_legs"},

            "render_controllers": ["controller.render.chicken"],

            "scripts": {"animate": ["general",
                                   {"move": "query.modified_move_speed"},
                                    "look_at_target",
                                   {"baby_transform": "query.is_baby"}]},
            
            "spawn_egg": {"texture": "spawn_egg",
                          "texture_index": 0},

            "textures": {"default": "textures/entity/chicken/chicken"}}}
}
/*********************************************************
 *           edit by @volyfnap | polyflore.net           *
 *                  All rights reserved                  *
 *********************************************************/