{
    "format_version": "1.8.0",

    "minecraft:client_entity": {

        "description": {

            "animation_controllers": [{"general": "controller.animation.dolphin.general"}],

            "animations": {"move": "animation.dolphin.move"},

            "geometry": {"default": "geometry.dolphin"},

            "identifier": "minecraft:dolphin",

            "materials": {"default": "dolphin"},

            "render_controllers": ["controller.render.dolphin"],

            "spawn_egg": {"texture": "spawn_egg",
                          "texture_index": 49},
                          
            "textures": {"default": "textures/entity/dolphin/dolphin"}}}
}
/*********************************************************
 *           edit by @volyfnap | polyflore.net           *
 *                  All rights reserved                  *
 *********************************************************/