{
    "format_version": "1.8.0",

    "minecraft:client_entity": {

        "description": {

            "animation_controllers": [{"general": "controller.animation.evoker.general.v1.0"},
                                      {"move": "controller.animation.villager.move"}],

            "animations": {"general": "animation.evoker.general.v1.0",
                           "casting": "animation.evoker.casting.v1.0",
                           "look_at_target": "animation.humanoid.look_at_target.default.v1.0",
                           "move": "animation.villager.move"},

            "geometry": {"default": "geometry.evoker"},

            "identifier": "minecraft:evocation_illager",

            "materials": {"default": "evoker"},

            "particle_effects": {"spell": "minecraft:evoker_spell"},

            "render_controllers": ["controller.render.evoker"],

            "scripts": {"scale": "0.9375"},

            "spawn_egg": {"texture": "spawn_egg",
                          "texture_index": 40},

            "textures": {"default": "textures/entity/illager/evoker"}}}
}
/*********************************************************
 *           edit by @volyfnap | polyflore.net           *
 *                  All rights reserved                  *
 *********************************************************/