{
    "format_version": "1.10.0",

    "minecraft:client_entity": {

        "description": {

            "animations": {"general": "animation.evoker.general",
                           "casting": "animation.evoker.casting",
                           "look_at_target": "animation.common.look_at_target",
                           "move": "animation.villager.move",
                           "celebrating": "animation.humanoid.celebrating",
                           "controller_general": "controller.animation.evoker.general",
                           "controller_move": "controller.animation.villager.move"},

            "geometry": {"default": "geometry.evoker.v1.8"},

            "identifier": "minecraft:evocation_illager",

            "materials": {"default": "evoker"},

            "min_engine_version": "1.8.0",

            "particle_effects": {"spell": "minecraft:evoker_spell"},

            "render_controllers": ["controller.render.evoker"],

            "scripts": {"scale": "0.9375",
                        "animate": ["controller_general",
                                    "controller_move"]},

            "spawn_egg": {"texture": "spawn_egg",
                          "texture_index": 40},

            "textures": {"default": "textures/entity/illager/evoker"}}}
}
/*********************************************************
 *           edit by @volyfnap | polyflore.net           *
 *                  All rights reserved                  *
 *********************************************************/