{
    "format_version": "1.10.0",

    "minecraft:client_entity": {

        "description": {

            "animations": {"walk": "animation.quadruped.walk",
                           "look_at_target": "animation.common.look_at_target",
                           "baby_transform": "animation.fox.baby_transform",
                           "crouch": "animation.fox.crouch",
                           "sleep": "animation.fox.sleep",
                           "setup": "animation.fox.setup",
                           "sit": "animation.fox.sit",
                           "wiggle": "animation.fox.wiggle",
                           "stuck": "animation.fox.stuck",
                           "pounce": "animation.fox.pounce",
                           "move": "controller.animation.fox.move"},

            "geometry": {"default": "geometry.fox"},

            "identifier": "minecraft:fox",

            "materials": {"default": "fox"},

            "render_controllers": ["controller.render.fox"],

            "scripts": {"animate": ["setup",
                                   {"baby_transform": "query.is_baby"},
                                    "move"]},

            "spawn_egg": {"texture": "spawn_egg",
                          "texture_index": 55},

            "textures": {"red": "textures/entity/fox/fox",
                         "arctic": "textures/entity/fox/arctic_fox"}}}
}
/*********************************************************
 *           edit by @volyfnap | polyflore.net           *
 *                  All rights reserved                  *
 *********************************************************/