{
    "format_version": "1.8.0",

    "minecraft:client_entity": {

        "description": {

            "animation_controllers": [{"move": "controller.animation.ghast.move"},
                                      {"scale": "controller.animation.ghast.scale"}],

            "animations": {"move": "animation.ghast.move",
                           "scale": "animation.ghast.scale"},

            "geometry": {"default": "geometry.ghast"},

            "identifier": "minecraft:ghast",

            "materials": {"default": "ghast"},

            "render_controllers": ["controller.render.ghast"],

            "spawn_egg": {"texture": "spawn_egg",
                          "texture_index": 19},

            "textures": {"default": "textures/entity/ghast/ghast",
                         "shooting": "textures/entity/ghast/ghast_shooting"}}}
}
/*********************************************************
 *           edit by @volyfnap | polyflore.net           *
 *                  All rights reserved                  *
 *********************************************************/