{
    "format_version": "1.10.0",

    "minecraft:client_entity": {
        
        "description": {

            "animations": {"setup": "animation.llama_spit.setup"},

            "geometry": {"default": "geometry.llamaspit"},

            "identifier": "minecraft:llama_spit",

            "materials": {"default": "llama_spit"},

            "render_controllers": ["controller.render.llama_spit"],

            "scripts": {"animate": ["setup"]},

            "textures": {"default": "textures/entity/llama/spit"}}}
}
/*********************************************************
 *           edit by @volyfnap | polyflore.net           *
 *                  All rights reserved                  *
 *********************************************************/