{
    "format_version": "1.8.0",

    "minecraft:client_entity": {

        "description": {
            
            "animation_controllers": [{"general": "controller.animation.magma_cube.general"}],

            "animations": {"move": "animation.magma_cube.move"},

            "geometry": {"default": "geometry.lavaslime"},

            "identifier": "minecraft:magma_cube",

            "materials": {"default": "magma_cube"},

            "render_controllers": ["controller.render.magma_cube"],

            "scripts": {"pre_animation": ["variable.slime_squish_factor = (query.previous_squish_value + (query.current_squish_value - query.previous_squish_value) * query.frame_alpha);",
                                          "variable.bounce = 1 / ((variable.slime_squish_factor / (query.variant * 0.5 + 1)) + 1);",
                                          "variable.horizontal_scale_amount = variable.bounce * query.variant;",
                                          "variable.vertical_scale_amount = (1 / variable.bounce) * query.variant;"],

                        "scaleX": "variable.horizontal_scale_amount",
                        "scaleY": "variable.vertical_scale_amount",
                        "scaleZ": "variable.horizontal_scale_amount"},
                        
            "spawn_egg": {"texture": "spawn_egg",
                          "texture_index": 20},

            "textures": {"default": "textures/entity/slime/magmacube"}}}
}
/*********************************************************
 *           edit by @volyfnap | polyflore.net           *
 *                  All rights reserved                  *
 *********************************************************/