{
    "format_version": "1.8.0",

    "minecraft:client_entity": {

        "description": {
            
            "animation_controllers": [{"setup": "controller.animation.mooshroom.setup"},
                                      {"move": "controller.animation.mooshroom.move"},
                                      {"baby": "controller.animation.mooshroom.baby"}],

            "animations": {"setup": "animation.mooshroom.setup",
                           "walk": "animation.quadruped.walk",
                           "look_at_target": "animation.common.look_at_target",
                           "baby_transform": "animation.mooshroom.baby_transform"},

            "geometry": {"default": "geometry.mooshroom.v1.8"},

            "identifier": "minecraft:mooshroom",

            "materials": {"default": "mooshroom"},

            "min_engine_version": "1.8.0",

            "render_controllers": ["controller.render.mooshroom"],

            "spawn_egg": {"texture": "spawn_egg",
                          "texture_index": 5},

            "textures": {"default": "textures/entity/cow/red_mooshroom",
                         "brown": "textures/entity/cow/brown_mooshroom"}}}
}
/*********************************************************
 *           edit by @volyfnap | polyflore.net           *
 *                  All rights reserved                  *
 *********************************************************/