{
    "format_version": "1.10.0",

    "minecraft:client_entity": {

        "description": {

            "animations": {"general": "animation.npc.general",
                           "look_at_target": "animation.common.look_at_target",
                           "move": "animation.npc.move",
                           "baby_transform": "animation.npc.baby_transform"},

            "geometry": {"default": "geometry.npc"},

            "identifier": "minecraft:npc",

            "materials": {"default": "npc"},

            "render_controllers": ["controller.render.npc"],

            "scripts": {"animate": ["general",
                                   {"move": "query.modified_move_speed"},
                                    "look_at_target",
                                   {"baby_transform": "query.is_baby"}]},

            "spawn_egg": {"texture": "spawn_egg",
                          "texture_index": 35},

            "textures": {"npc_1": "textures/entity/npc/npc_1",
                         "npc_2": "textures/entity/npc/npc_2",
                         "npc_3": "textures/entity/npc/npc_3",
                         "npc_4": "textures/entity/npc/npc_4",
                         "npc_5": "textures/entity/npc/npc_5",
                         "npc_6": "textures/entity/npc/npc_6",
                         "npc_7": "textures/entity/npc/npc_7",
                         "npc_8": "textures/entity/npc/npc_8",
                         "npc_9": "textures/entity/npc/npc_9",
                         "npc_10": "textures/entity/npc/npc_10",

                         "npc_scientist_1": "textures/entity/npc/npc_scientist_1",
                         "npc_scientist_2": "textures/entity/npc/npc_scientist_2",
                         "npc_scientist_3": "textures/entity/npc/npc_scientist_3",
                         "npc_scientist_4": "textures/entity/npc/npc_scientist_4",
                         "npc_scientist_5": "textures/entity/npc/npc_scientist_5",
                         "npc_scientist_6": "textures/entity/npc/npc_scientist_6",
                         "npc_scientist_7": "textures/entity/npc/npc_scientist_7",
                         "npc_scientist_8": "textures/entity/npc/npc_scientist_8",
                         "npc_scientist_9": "textures/entity/npc/npc_scientist_9",
                         "npc_scientist_10": "textures/entity/npc/npc_scientist_10"}}}
}
/*********************************************************
 *           edit by @volyfnap | polyflore.net           *
 *                  All rights reserved                  *
 *********************************************************/