{
    "format_version": "1.8.0",

    "minecraft:client_entity": {

        "description": {

            "animation_controllers": [{"move": "controller.animation.panda.move"},
                                      {"unhappy": "controller.animation.panda.unhappy"},
                                      {"sneezing": "controller.animation.panda.sneezing"},
                                      {"baby": "controller.animation.panda.baby"}],

            "animations": {"unhappy": "animation.panda.unhappy",
                           "sneezing": "animation.panda.sneezing",
                           "walk": "animation.quadruped.walk",
                           "look_at_target": "animation.common.look_at_target",
                           "baby_transform": "animation.panda.baby_transform",
                           "sitting": "animation.panda.sitting",
                           "rolling": "animation.panda.rolling",
                           "lying": "animation.panda.lying"},

            "geometry": {"default": "geometry.panda"},

            "identifier": "minecraft:panda",

            "materials": {"default": "panda"},

            "render_controllers": ["controller.render.panda"],

            "spawn_egg": {"texture": "spawn_egg",
                          "texture_index": 54},

            "textures": {"default": "textures/entity/panda/panda",
                         "lazy": "textures/entity/panda/panda_lazy",
                         "worried": "textures/entity/panda/panda_worried",
                         "playful": "textures/entity/panda/panda_playful",
                         "brown": "textures/entity/panda/panda_brown",
                         "weak": "textures/entity/panda/panda_sneezy",
                         "aggressive": "textures/entity/panda/panda_aggressive"}}}
}
/*********************************************************
 *           edit by @volyfnap | polyflore.net           *
 *                  All rights reserved                  *
 *********************************************************/