{
    "format_version": "1.10.0",

    "minecraft:client_entity": {

        "description": {
            
            "animations": {"setup": "animation.pig.setup",
                           "walk": "animation.quadruped.walk",
                           "look_at_target": "animation.common.look_at_target",
                           "baby_transform": "animation.pig.baby_transform"},

            "geometry": {"default": "geometry.pig.v1.8"},

            "identifier": "minecraft:pig",

            "min_engine_version": "1.8.0",

            "materials": {"default": "pig"},

            "render_controllers": ["controller.render.pig"],

            "scripts": {"animate": ["setup",
                                   {"walk": "query.modified_move_speed"},
                                    "look_at_target",
                                   {"baby_transform": "query.is_baby"}]},
            
            "spawn_egg": {"texture": "spawn_egg",
                          "texture_index": 2},

            "textures": {"default": "textures/entity/pig/pig",
                         "saddled": "textures/entity/pig/pig_saddle"}}}
}
/*********************************************************
 *           edit by @volyfnap | polyflore.net           *
 *                  All rights reserved                  *
 *********************************************************/