{
    "format_version": "1.8.0",

    "minecraft:client_entity": {

        "description": {
            
            "animation_controllers": [{"move": "controller.animation.polarbear.move"},
                                      {"baby": "controller.animation.polarbear.baby"}],

            "animations": {"walk": "animation.quadruped.walk",
                           "move": "animation.polarbear.move",
                           "look_at_target": "animation.common.look_at_target",
                           "baby_transform": "animation.polarbear.baby_transform"},

            "geometry": {"default": "geometry.polarbear"},

            "identifier": "minecraft:polar_bear",

            "materials": {"default": "polar_bear"},

            "render_controllers": ["controller.render.polarbear"],

            "scripts": {"scale": "1.2"},

            "spawn_egg": {"texture": "spawn_egg",
                          "texture_index": 37},

            "textures": {"default": "textures/entity/bear/polarbear"}}}
}
/*********************************************************
 *           edit by @volyfnap | polyflore.net           *
 *                  All rights reserved                  *
 *********************************************************/