{
    "format_version": "1.8.0",

    "minecraft:client_entity": {

        "description": {
            
            "animation_controllers": [{"general": "controller.animation.fish.general"}],

            "animations": {"flop": "animation.salmon.flop",
                           "swim": "animation.salmon.swim"},

            "geometry": {"default": "geometry.salmon"},

            "identifier": "minecraft:salmon",

            "materials": {"default": "salmon"},

            "render_controllers": ["controller.render.salmon"],

            "scripts": {"pre_animation": ["variable.ZRot = !query.is_in_water ? Math.cos((query.time_stamp + query.frame_alpha) * 14.32) * 90 : 0.0;",
                                          "variable.AnimationAmountBlend = Math.lerp(variable.AnimationAmountPrev, variable.AnimationAmount, query.frame_alpha);"]},
            
            "spawn_egg": {"texture": "spawn_egg",
                          "texture_index": 47},

            "textures": {"default": "textures/entity/fish/salmon"}}}
}
/*********************************************************
 *           edit by @volyfnap | polyflore.net           *
 *                  All rights reserved                  *
 *********************************************************/