{
    "format_version": "1.10.0",

    "minecraft:client_entity": {

        "description": {
            
            "animations": {"setup": "animation.sheep.setup",
                           "grazing": "animation.sheep.grazing",
                           "walk": "animation.quadruped.walk",
                           "look_at_target": "animation.common.look_at_target",
                           "baby_transform": "animation.sheep.baby_transform",
                           "move": "controller.animation.sheep.move"},
                           
            "geometry": {"default": "geometry.sheep",
                         "sheared": "geometry.sheep.sheared"},

            "identifier": "minecraft:sheep",

            "materials": {"default": "sheep"},

            "particle_emitters": {"flame": "animation.blaze.flame"},

            "render_controllers": ["controller.render.sheep"],

            "scripts": {"animate": ["setup",
                                    "look_at_target",
                                    "move",
                                   {"baby_transform": "query.is_baby"}]},

            "spawn_egg": {"texture": "spawn_egg",
                          "texture_index": 3},

            "textures": {"default": "textures/entity/sheep/sheep"}}}
}
/*********************************************************
 *           edit by @volyfnap | polyflore.net           *
 *                  All rights reserved                  *
 *********************************************************/