{
    "format_version": "1.8.0",

    "minecraft:client_entity": {

        "description": {

            "animation_controllers": [{"move": "controller.animation.spider.move"}],

            "animations": {"default_leg_pose": "animation.spider.default_leg_pose",
                           "look_at_target": "animation.spider.look_at_target",
                           "walk": "animation.spider.walk"},

            "geometry": {"default": "geometry.spider"},

            "identifier": "minecraft:spider",

            "materials": {"default": "spider",
                          "invisible": "spider_invisible"},

            "render_controllers": ["controller.render.spider"],

            "spawn_egg": {"texture": "spawn_egg",
                          "texture_index": 11},

            "textures": {"default": "textures/entity/spider/spider"}}}
}
/*********************************************************
 *           edit by @volyfnap | polyflore.net           *
 *                  All rights reserved                  *
 *********************************************************/