{
    "format_version": "1.10.0",

    "minecraft:client_entity": {

        "description": {

            "animations": {"move": "animation.squid.move",
                           "squid_rotate": "animation.squid.rotate"},

            "geometry": {"default": "geometry.squid"},

            "identifier": "minecraft:squid",

            "materials": {"default": "squid"},

            "render_controllers": ["controller.render.squid"],

            "scripts": {"animate": ["move",
                                    "squid_rotate"]},

            "spawn_egg": {"texture": "spawn_egg",
                          "texture_index": 15},

            "textures": {"default": "textures/entity/squid/squid"}}}
}
/*********************************************************
 *           edit by @volyfnap | polyflore.net           *
 *                  All rights reserved                  *
 *********************************************************/