{
    "format_version": "1.8.0",

    "minecraft:client_entity": {

        "description": {

            "animation_controllers": [{"look_at_target": "controller.animation.humanoid.look_at_target"},
                                      {"vindicator_base": "controller.animation.vindicator.base.v1.0"}],

            "animations": {"look_at_target_default": "animation.humanoid.look_at_target.default.v1.0",
                           "look_at_target_gliding": "animation.humanoid.look_at_target.gliding.v1.0",
                           "look_at_target_swimming": "animation.humanoid.look_at_target.swimming.v1.0",
                           "vindicator_base": "animation.vindicator.base",
                           "vindicator_attack": "animation.vindicator.attack",
                           "vindicator_walk": "animation.vindicator.walk"},

            "enable_attachables": true,

            "geometry": {"default": "geometry.vindicator"},

            "identifier": "minecraft:vindicator",

            "materials": {"default": "vindicator"},

            "render_controllers": ["controller.render.vindicator"],

            "scripts": {"scale": "0.9375"},

            "spawn_egg": {"texture": "spawn_egg",
                          "texture_index": 39},

            "textures": {"default": "textures/entity/illager/vindicator"}}}
}
/*********************************************************
 *           edit by @volyfnap | polyflore.net           *
 *                  All rights reserved                  *
 *********************************************************/