{
    "format_version": "1.8.0",

    "minecraft:client_entity": {

        "description": {

            "animation_controllers": [{"general": "controller.animation.villager.general"},
                                      {"raise_arms": "controller.animation.villager_v2.raise_arms"},
                                      {"move": "controller.animation.villager.move"}],

            "animations": {"general": "animation.villager.general",
                           "look_at_target": "animation.common.look_at_target",
                           "raise_arms": "animation.villager.raise_arms",
                           "move": "animation.villager.move"},

            "geometry": {"default": "geometry.villager_v2"},

            "identifier": "minecraft:wandering_trader",

            "materials": {"default": "wandering_trader"},

            "render_controllers": ["controller.render.wandering_trader"],

            "scripts": {"scale": "0.9375"},

            "spawn_egg": {"texture": "spawn_egg_wandering_trader"},
            
            "textures": {"default": "textures/entity/villager2/wandering_trader"}}}
}
/*********************************************************
 *           edit by @volyfnap | polyflore.net           *
 *                  All rights reserved                  *
 *********************************************************/