{
    "format_version": "1.8.0",

    "minecraft:client_entity": {

        "description": {

            "animation_controllers": [{"general": "controller.animation.witch.general"},
                                      {"move": "controller.animation.villager.move"}],

            "animations": {"villager_general": "animation.villager.general",
                           "look_at_target": "animation.common.look_at_target",
                           "move": "animation.villager.move",
                           "general": "animation.witch.general"},

            "geometry": {"default": "geometry.villager.witch.v1.8"},

            "identifier": "minecraft:witch",

            "materials": {"default": "witch"},

            "min_engine_version": "1.8.0",

            "render_controllers": ["controller.render.witch"],

            "scripts": {"scale": "0.9375"},

            "spawn_egg": {"texture": "spawn_egg",
                          "texture_index": 17},
                          
            "textures": {"default": "textures/entity/illager/witch"}}}
}
/*********************************************************
 *           edit by @volyfnap | polyflore.net           *
 *                  All rights reserved                  *
 *********************************************************/