{
    "format_version": "1.10.0",

    "minecraft:client_entity": {

        "description": {
            
            "animations": {"move": "animation.wither_skull.move"},

            "geometry": {"default": "geometry.wither_skull"},

            "identifier": "minecraft:wither_skull_dangerous",

            "materials": {"default": "wither_skull"},

            "render_controllers": ["controller.render.wither_skull"],

            "scripts": {"animate": ["move"]},

            "textures": {"default": "textures/entity/wither_boss/wither_invulnerable"}}}
}
/*********************************************************
 *           edit by @volyfnap | polyflore.net           *
 *                  All rights reserved                  *
 *********************************************************/