{
    "format_version": "1.10.0",

    "minecraft:client_entity": {

        "description": {

            "animations": {"walk": "animation.hoglin.walk",
                           "look_at_target": "animation.hoglin.look_at_target",
                           "attack": "animation.hoglin.attack",
                           "hoglin_baby_scaling": "animation.hoglin.baby_scaling"},

            "geometry": {"default": "geometry.hoglin"},

            "identifier": "minecraft:zoglin",

            "materials": {"default": "zoglin"},

            "render_controllers": ["controller.render.zoglin"],

            "scripts": {"pre_animation": ["variable.tcos_right_side = (Math.cos(query.modified_distance_moved * 38.17) * query.modified_move_speed / variable.gliding_speed_value) * 57.3;",
                                          "variable.tcos_left_side = -variable.tcos_right_side;",
                                          "variable.attack_head_rot =  Math.sin(variable.attack_time * 180.0) * -37.3;"],
                        "animate": ["walk",
                                    "look_at_target",
                                   {"attack": "variable.has_target && variable.attack_time >= 0.0"},
                                   {"hoglin_baby_scaling": "query.is_baby"}]},

            "spawn_egg": {"base_color": "#c66e55",
                          "overlay_color": "#e6e6e6"},

            "textures": {"default": "textures/entity/zoglin/zoglin"}}}
}
/*********************************************************
 *           edit by @volyfnap | polyflore.net           *
 *                  All rights reserved                  *
 *********************************************************/